x,y,radius_px,sigma,score
323,207,3.26,2.30,0.394076
269,211,3.91,2.76,0.388976
306,214,3.26,2.30,0.388973
303,239,5.63,3.98,0.381645
224,242,4.69,3.32,0.380023
345,229,4.69,3.32,0.378318
119,222,4.69,3.32,0.374949
241,279,5.63,3.98,0.373698
150,229,5.63,3.98,0.367734
243,201,2.72,1.92,0.366807
72,221,3.26,2.30,0.366606
91,214,3.26,2.30,0.365219
324,224,4.69,3.32,0.364940
106,255,8.11,5.73,0.362248
189,240,6.76,4.78,0.357268
161,290,5.63,3.98,0.355494
254,219,3.91,2.76,0.355204
302,198,2.72,1.92,0.352367
258,209,2.26,1.60,0.351684
48,210,2.72,1.92,0.351483
181,201,2.26,1.60,0.351299
178,261,8.11,5.73,0.350792
70,286,5.63,3.98,0.347584
289,218,2.72,1.92,0.347543
282,338,9.73,6.88,0.346909
63,243,6.76,4.78,0.346396
96,237,3.91,2.76,0.345742
87,228,2.72,1.92,0.343650
179,327,8.11,5.73,0.342916
274,258,6.76,4.78,0.342462
0,275,9.73,6.88,0.340990
75,203,2.72,1.92,0.340192
111,204,2.26,1.60,0.339623
353,219,2.72,1.92,0.337571
177,220,3.26,2.30,0.333935
23,217,2.72,1.92,0.331879
38,200,2.26,1.60,0.325227
176,211,2.72,1.92,0.314455
231,191,2.26,1.60,0.312299
58,229,3.26,2.30,0.309608
58,274,4.69,3.32,0.303742
121,177,3.91,2.76,0.302540
53,174,8.11,5.73,0.301332
85,199,2.26,1.60,0.298722
54,219,2.26,1.60,0.297894
112,269,5.63,3.98,0.291535
214,207,2.26,1.60,0.290282
73,211,2.26,1.60,0.289255
57,276,3.91,2.76,0.288822
19,251,6.76,4.78,0.288008
68,251,3.26,2.30,0.287047
347,237,3.26,2.30,0.285706
186,272,4.69,3.32,0.282887
313,160,5.63,3.98,0.282533
244,216,2.72,1.92,0.280886
225,251,3.26,2.30,0.280133
245,217,2.26,1.60,0.279155
196,208,2.26,1.60,0.275947
117,211,2.26,1.60,0.275615
13,286,5.63,3.98,0.275217
310,246,4.69,3.32,0.274650
166,309,4.69,3.32,0.273424
257,226,3.26,2.30,0.272187
282,265,4.69,3.32,0.271187
203,214,2.72,1.92,0.270893
100,211,2.26,1.60,0.266850
274,317,2.26,1.60,0.266750
58,196,2.26,1.60,0.266662
162,302,4.69,3.32,0.265983
119,257,4.69,3.32,0.264641
0,291,6.76,4.78,0.262953
118,259,5.63,3.98,0.262535
314,197,2.26,1.60,0.261684
187,174,6.76,4.78,0.260311
187,341,8.11,5.73,0.259993
277,164,3.26,2.30,0.258686
62,271,3.91,2.76,0.258434
194,202,2.26,1.60,0.258215
232,282,3.26,2.30,0.258141
73,245,3.91,2.76,0.257499
117,262,5.63,3.98,0.256770
270,359,3.91,2.76,0.255445
167,195,2.26,1.60,0.255422
316,213,2.26,1.60,0.253998
242,289,4.69,3.32,0.253216
28,233,2.26,1.60,0.252545
164,324,6.76,4.78,0.252537
268,347,6.76,4.78,0.251954
123,227,2.72,1.92,0.251653
52,163,3.26,2.30,0.251277
151,238,3.91,2.76,0.250369
239,289,4.69,3.32,0.249710
339,217,2.26,1.60,0.249574
300,247,3.91,2.76,0.249278
223,174,9.73,6.88,0.249276
273,269,3.91,2.76,0.249255
96,266,5.63,3.98,0.248542
247,221,2.26,1.60,0.248144
298,246,3.91,2.76,0.248115
260,339,2.26,1.60,0.246964
118,230,2.72,1.92,0.246754
293,169,16.81,11.89,0.246712
267,267,3.91,2.76,0.246502
196,192,2.26,1.60,0.246274
158,327,2.72,1.92,0.245332
167,338,6.76,4.78,0.245244
64,296,5.63,3.98,0.244919
337,164,16.81,11.89,0.244762
170,289,4.69,3.32,0.244514
247,286,3.91,2.76,0.243574
198,247,3.91,2.76,0.243467
77,223,2.26,1.60,0.242981
306,161,2.26,1.60,0.242410
160,331,2.26,1.60,0.241504
231,245,3.91,2.76,0.241428
64,272,2.72,1.92,0.241420
160,295,3.91,2.76,0.241305
299,345,8.11,5.73,0.241213
63,276,2.26,1.60,0.240371
94,218,2.26,1.60,0.240361
154,283,3.26,2.30,0.240182
190,253,5.63,3.98,0.239668
254,174,9.73,6.88,0.239240
199,238,3.26,2.30,0.238523
260,331,2.26,1.60,0.237959
151,287,4.69,3.32,0.237587
162,215,2.26,1.60,0.237398
0,253,4.69,3.32,0.236743
298,201,2.26,1.60,0.235486
359,147,2.72,1.92,0.234999
324,233,3.26,2.30,0.234946
295,152,4.69,3.32,0.234881
150,178,3.26,2.30,0.234716
231,287,2.26,1.60,0.234326
166,255,5.63,3.98,0.234309
158,226,3.26,2.30,0.233692
18,179,5.63,3.98,0.233441
226,234,3.91,2.76,0.233347
204,174,6.76,4.78,0.233208
60,292,6.76,4.78,0.233044
250,207,2.72,1.92,0.231907
77,216,2.72,1.92,0.231887
309,233,3.26,2.30,0.231233
317,223,2.72,1.92,0.231179
297,153,6.76,4.78,0.230922
169,294,3.91,2.76,0.230839
72,297,4.69,3.32,0.230764
304,219,2.26,1.60,0.230105
114,194,2.26,1.60,0.229348
53,207,2.72,1.92,0.228799
288,222,2.26,1.60,0.228685
265,332,8.11,5.73,0.228381
74,296,4.69,3.32,0.227749
302,218,2.72,1.92,0.227544
154,213,2.26,1.60,0.227094
270,318,3.26,2.30,0.226886
239,199,2.26,1.60,0.226877
160,323,2.72,1.92,0.226698
315,164,2.26,1.60,0.226626
295,327,6.76,4.78,0.226426
156,328,3.91,2.76,0.226321
237,270,3.91,2.76,0.225995
241,284,2.72,1.92,0.225942
151,294,3.91,2.76,0.225837
7,233,2.26,1.60,0.225407
301,217,2.26,1.60,0.225336
9,276,5.63,3.98,0.224902
310,192,2.26,1.60,0.224663
183,220,2.72,1.92,0.224230
70,231,2.26,1.60,0.223781
284,217,2.26,1.60,0.223740
100,194,2.26,1.60,0.223676
269,218,2.72,1.92,0.223026
284,190,2.26,1.60,0.222685
340,234,2.72,1.92,0.222194
157,234,3.26,2.30,0.221857
350,206,2.26,1.60,0.221385
302,153,4.69,3.32,0.221307
9,259,6.76,4.78,0.221284
60,253,3.91,2.76,0.221034
163,317,2.26,1.60,0.221018
288,318,2.26,1.60,0.220912
189,318,3.91,2.76,0.220848
176,176,3.91,2.76,0.220674
70,226,2.26,1.60,0.220329
205,210,2.26,1.60,0.220274
75,208,2.26,1.60,0.219893
73,226,2.26,1.60,0.219583
109,178,2.72,1.92,0.219575
347,221,3.26,2.30,0.219560
175,226,2.72,1.92,0.219289
293,151,3.26,2.30,0.219213
291,194,2.26,1.60,0.218840
112,227,3.91,2.76,0.218810
303,333,2.26,1.60,0.218563
229,236,3.26,2.30,0.218363
79,285,2.26,1.60,0.218360
144,236,3.91,2.76,0.218052
93,246,5.63,3.98,0.217998
149,283,2.26,1.60,0.217985
272,217,2.72,1.92,0.217511
211,217,2.26,1.60,0.217426
164,237,2.26,1.60,0.217190
53,231,2.26,1.60,0.216800
164,339,3.91,2.76,0.216188
195,232,3.26,2.30,0.216164
308,219,2.72,1.92,0.215775
341,336,2.26,1.60,0.215645
197,334,2.26,1.60,0.215568
159,341,2.72,1.92,0.215481
293,219,2.26,1.60,0.215309
349,203,2.26,1.60,0.214773
248,274,3.91,2.76,0.214476
43,211,2.26,1.60,0.214079
54,249,4.69,3.32,0.213330
158,337,3.26,2.30,0.212937
18,277,5.63,3.98,0.212831
167,203,2.26,1.60,0.212691
83,225,2.26,1.60,0.212150
353,214,2.72,1.92,0.212145
323,214,3.91,2.76,0.212045
190,346,2.26,1.60,0.211926
44,213,2.26,1.60,0.211523
92,178,3.26,2.30,0.211441
64,278,3.91,2.76,0.210985
10,250,3.91,2.76,0.210743
96,211,2.72,1.92,0.210739
29,194,2.26,1.60,0.210558
53,242,3.91,2.76,0.210488
329,209,2.26,1.60,0.210302
298,359,3.26,2.30,0.209978
85,203,2.26,1.60,0.209870
62,232,3.26,2.30,0.208974
93,257,5.63,3.98,0.208879
219,236,3.26,2.30,0.208640
218,247,2.72,1.92,0.208453
269,324,8.11,5.73,0.208257
205,219,2.26,1.60,0.208199
273,182,2.26,1.60,0.208173
321,151,3.91,2.76,0.207996
359,169,29.05,20.54,0.207967
237,166,4.69,3.32,0.207847
84,233,2.26,1.60,0.207475
11,230,2.26,1.60,0.207414
56,236,3.26,2.30,0.207263
81,179,3.26,2.30,0.207182
327,203,2.72,1.92,0.206859
122,215,3.26,2.30,0.206693
8,236,2.26,1.60,0.206589
261,200,2.26,1.60,0.206082
58,222,2.26,1.60,0.205806
8,199,2.26,1.60,0.205432
59,281,2.26,1.60,0.205370
175,283,3.91,2.76,0.205165
276,263,3.26,2.30,0.204880
305,152,2.26,1.60,0.204782
202,207,2.26,1.60,0.204570
352,147,3.91,2.76,0.204438
131,194,2.26,1.60,0.204244
330,230,3.26,2.30,0.204022
297,324,2.72,1.92,0.203874
275,246,3.91,2.76,0.203837
325,202,2.26,1.60,0.203652
348,232,2.26,1.60,0.203218
294,236,3.26,2.30,0.203200
194,211,2.26,1.60,0.203073
303,343,4.69,3.32,0.203046
277,315,2.26,1.60,0.203038
81,222,2.26,1.60,0.202767
166,266,4.69,3.32,0.202440
73,237,3.91,2.76,0.202332
300,230,3.91,2.76,0.202092
334,155,9.73,6.88,0.202007
187,181,2.26,1.60,0.201821
141,230,3.91,2.76,0.201671
66,220,2.26,1.60,0.201613
180,245,4.69,3.32,0.201233
171,211,2.26,1.60,0.200965
148,281,3.26,2.30,0.200845
125,218,3.26,2.30,0.200553
7,241,2.26,1.60,0.200399
126,254,3.91,2.76,0.200323
50,219,2.26,1.60,0.200261
125,223,2.26,1.60,0.199888
300,214,2.72,1.92,0.199887
52,268,4.69,3.32,0.199791
67,266,3.91,2.76,0.199767
266,204,3.91,2.76,0.199761
167,318,4.69,3.32,0.199624
232,277,3.91,2.76,0.199262
66,228,2.26,1.60,0.198897
215,217,2.26,1.60,0.198880
85,215,2.26,1.60,0.198564
186,170,2.26,1.60,0.198366
246,197,2.26,1.60,0.198269
71,275,5.63,3.98,0.198159
190,260,3.91,2.76,0.198152
173,217,2.72,1.92,0.198083
50,203,2.26,1.60,0.198076
8,295,2.26,1.60,0.197898
169,178,2.72,1.92,0.197656
242,270,3.91,2.76,0.197602
27,218,2.26,1.60,0.197466
254,211,3.26,2.30,0.197154
191,327,3.91,2.76,0.197056
189,345,2.72,1.92,0.196995
262,342,2.26,1.60,0.196747
85,237,2.72,1.92,0.196735
196,257,3.26,2.30,0.196606
258,165,2.72,1.92,0.196345
304,341,2.72,1.92,0.196096
293,351,5.63,3.98,0.195995
179,170,3.26,2.30,0.195991
359,221,2.72,1.92,0.195980
112,220,3.26,2.30,0.195840
300,210,2.72,1.92,0.195265
187,190,2.26,1.60,0.194980
194,167,4.69,3.32,0.194530
263,256,3.26,2.30,0.194522
258,163,5.63,3.98,0.194502
178,214,2.26,1.60,0.194494
291,359,2.26,1.60,0.194320
60,297,2.26,1.60,0.193966
67,258,3.91,2.76,0.193815
282,320,6.76,4.78,0.193678
142,224,3.91,2.76,0.193530
15,229,2.26,1.60,0.193387
44,172,2.72,1.92,0.193385
61,248,2.72,1.92,0.193274
176,312,5.63,3.98,0.193241
263,352,2.26,1.60,0.193204
184,263,3.91,2.76,0.193198
79,205,2.26,1.60,0.193191
132,222,2.26,1.60,0.193154
133,177,3.26,2.30,0.193106
114,216,3.26,2.30,0.192983
86,211,2.26,1.60,0.192919
90,239,2.26,1.60,0.192290
81,210,3.26,2.30,0.191995
162,279,3.91,2.76,0.191989
197,359,14.01,9.91,0.191884
294,159,11.68,8.26,0.191382
46,164,3.91,2.76,0.190475
6,180,3.91,2.76,0.190472
305,224,2.72,1.92,0.190461
161,235,2.26,1.60,0.190295
189,229,3.26,2.30,0.190203
292,215,2.26,1.60,0.190044
262,349,2.26,1.60,0.189911
117,272,2.26,1.60,0.189749
185,203,2.26,1.60,0.189043
311,211,2.72,1.92,0.188945
310,225,3.91,2.76,0.188940
285,152,3.91,2.76,0.188813
186,317,2.72,1.92,0.188677
195,345,3.91,2.76,0.188663
179,205,2.72,1.92,0.188517
245,206,2.26,1.60,0.188490
239,168,2.26,1.60,0.188262
21,213,2.26,1.60,0.188194
107,276,2.26,1.60,0.188193
150,191,2.26,1.60,0.188054
186,279,3.26,2.30,0.188053
217,243,2.72,1.92,0.187184
249,198,2.26,1.60,0.187054
64,198,2.26,1.60,0.186988
154,220,3.26,2.30,0.186951
325,199,2.26,1.60,0.186583
144,291,3.91,2.76,0.186301
77,277,3.91,2.76,0.185938
69,215,2.72,1.92,0.185808
330,200,2.26,1.60,0.185789
63,173,3.91,2.76,0.185592
82,221,3.26,2.30,0.185157
140,178,2.26,1.60,0.185022
263,347,3.26,2.30,0.184982
161,210,2.26,1.60,0.184947
331,150,3.26,2.30,0.184739
52,214,2.72,1.92,0.184628
333,228,5.63,3.98,0.184308
289,240,2.72,1.92,0.184192
283,359,11.68,8.26,0.184136
178,198,2.26,1.60,0.183876
98,229,3.26,2.30,0.183530
105,240,5.63,3.98,0.183527
205,182,3.26,2.30,0.183413
183,314,3.26,2.30,0.183191
22,222,2.26,1.60,0.183071
307,157,2.26,1.60,0.182772
276,209,4.69,3.32,0.182638
12,238,2.26,1.60,0.182595
51,235,2.26,1.60,0.182346
11,180,3.26,2.30,0.182328
52,258,4.69,3.32,0.182167
11,279,2.72,1.92,0.182166
321,158,2.72,1.92,0.182164
168,214,2.26,1.60,0.182034
325,154,2.72,1.92,0.181798
76,270,2.26,1.60,0.181657
314,145,16.81,11.89,0.181600
71,299,2.26,1.60,0.181452
172,272,3.91,2.76,0.181303
180,236,3.91,2.76,0.181137
19,239,4.69,3.32,0.181109
303,337,2.26,1.60,0.181067
314,231,2.72,1.92,0.181065
269,150,16.81,11.89,0.180884
156,290,3.26,2.30,0.180883
174,195,2.26,1.60,0.180878
26,179,2.72,1.92,0.180521
297,219,2.26,1.60,0.180447
244,221,2.26,1.60,0.180353
65,248,2.26,1.60,0.180268
359,262,2.26,1.60,0.180258
38,180,2.72,1.92,0.179968
146,193,2.72,1.92,0.179848
359,136,20.17,14.27,0.179843
336,214,2.26,1.60,0.179639
183,348,2.26,1.60,0.179454
297,357,2.26,1.60,0.179363
243,170,2.26,1.60,0.179287
103,223,5.63,3.98,0.179261
90,233,3.91,2.76,0.179252
345,150,3.26,2.30,0.179235
108,206,2.26,1.60,0.179076
177,168,5.63,3.98,0.178987
78,288,2.26,1.60,0.178779
139,190,2.26,1.60,0.178676
89,220,2.72,1.92,0.178671
12,277,2.72,1.92,0.178625
235,168,2.26,1.60,0.178550
342,231,2.26,1.60,0.178541
17,234,2.26,1.60,0.178387
304,202,2.26,1.60,0.178023
299,354,2.26,1.60,0.177829
107,225,2.26,1.60,0.177337
235,192,2.26,1.60,0.177332
162,338,2.26,1.60,0.177226
323,158,4.69,3.32,0.177194
146,178,2.26,1.60,0.177110
195,242,2.26,1.60,0.176909
194,314,3.26,2.30,0.176902
311,359,11.68,8.26,0.176814
152,302,2.26,1.60,0.176738
249,213,3.26,2.30,0.176475
79,258,9.73,6.88,0.176470
310,349,5.63,3.98,0.176373
62,219,2.72,1.92,0.176197
310,174,9.73,6.88,0.176166
258,349,2.72,1.92,0.176131
251,169,3.91,2.76,0.175886
317,160,2.26,1.60,0.175720
83,238,4.69,3.32,0.174707
180,215,3.26,2.30,0.174651
262,325,2.26,1.60,0.174624
277,345,3.91,2.76,0.174401
121,209,2.26,1.60,0.174260
289,244,2.26,1.60,0.174123
55,199,2.72,1.92,0.174048
110,232,2.26,1.60,0.173906
292,321,2.26,1.60,0.173727
352,226,2.72,1.92,0.173591
262,144,24.21,17.12,0.173523
347,338,3.91,2.76,0.173516
66,260,2.72,1.92,0.173428
73,252,2.26,1.60,0.173422
203,203,2.26,1.60,0.173405
261,214,3.91,2.76,0.172901
27,229,2.26,1.60,0.172531
193,193,2.26,1.60,0.172461
114,175,2.72,1.92,0.172217
190,324,2.26,1.60,0.172086
330,190,2.26,1.60,0.172062
185,207,2.26,1.60,0.172044
195,165,6.76,4.78,0.171920
160,177,3.26,2.30,0.171841
197,203,2.26,1.60,0.171762
163,273,2.72,1.92,0.171729
163,226,2.26,1.60,0.171701
7,283,2.72,1.92,0.171582
336,197,2.26,1.60,0.171484
336,326,2.26,1.60,0.171482
256,212,2.26,1.60,0.171227
100,179,2.26,1.60,0.170848
38,204,2.26,1.60,0.170820
25,351,2.26,1.60,0.170788
74,253,3.26,2.30,0.170652
292,247,2.26,1.60,0.170395
177,231,2.26,1.60,0.170274
260,260,2.26,1.60,0.170261
18,217,2.26,1.60,0.170195
159,214,2.26,1.60,0.170122
82,197,2.26,1.60,0.170083
44,166,5.63,3.98,0.170082
261,168,2.26,1.60,0.169942
153,278,2.26,1.60,0.169715
16,256,2.72,1.92,0.169665
64,170,6.76,4.78,0.169569
209,166,3.26,2.30,0.169441
341,152,6.76,4.78,0.169408
284,255,4.69,3.32,0.169071
174,202,2.26,1.60,0.169014
336,221,2.26,1.60,0.169000
344,215,2.26,1.60,0.168708
34,202,2.26,1.60,0.168531
306,207,2.26,1.60,0.168413
279,258,2.72,1.92,0.168400
102,239,2.72,1.92,0.168108
0,284,3.26,2.30,0.167958
232,195,2.26,1.60,0.167697
6,242,3.26,2.30,0.167680
325,194,2.26,1.60,0.167352
285,347,3.91,2.76,0.167202
243,292,2.26,1.60,0.167046
19,268,2.26,1.60,0.166826
143,198,2.26,1.60,0.166715
228,280,2.26,1.60,0.166589
274,207,3.26,2.30,0.166534
44,207,2.26,1.60,0.166456
164,177,2.26,1.60,0.166456
275,212,2.26,1.60,0.166455
137,175,2.26,1.60,0.166226
191,168,2.26,1.60,0.166054
227,169,2.72,1.92,0.166035
287,346,3.91,2.76,0.166024
344,185,3.26,2.30,0.165763
78,196,2.26,1.60,0.165750
144,326,14.01,9.91,0.165529
245,167,2.26,1.60,0.165435
42,169,6.76,4.78,0.165404
331,220,3.26,2.30,0.165185
293,320,2.72,1.92,0.165170
4,223,2.26,1.60,0.164916
342,221,2.72,1.92,0.164912
309,183,2.26,1.60,0.164871
247,184,2.72,1.92,0.164667
205,171,3.91,2.76,0.164549
156,359,2.72,1.92,0.164516
340,213,2.26,1.60,0.164436
256,348,5.63,3.98,0.164343
287,320,3.91,2.76,0.164130
4,284,3.26,2.30,0.164017
15,272,2.72,1.92,0.163970
332,223,2.72,1.92,0.163838
234,213,2.26,1.60,0.163762
87,195,2.26,1.60,0.163646
75,199,2.26,1.60,0.163449
24,213,2.26,1.60,0.163336
181,278,2.26,1.60,0.163260
10,175,3.26,2.30,0.163138
241,205,2.72,1.92,0.162849
348,199,2.26,1.60,0.162814
69,243,2.26,1.60,0.162802
280,249,3.91,2.76,0.162739
12,244,4.69,3.32,0.162730
218,170,3.91,2.76,0.162726
181,231,2.26,1.60,0.162695
195,169,2.26,1.60,0.162569
264,185,4.69,3.32,0.162537
262,212,2.72,1.92,0.162385
157,279,2.26,1.60,0.162288
168,199,2.26,1.60,0.162226
346,342,2.26,1.60,0.162222
49,264,2.26,1.60,0.161949
224,207,2.26,1.60,0.161788
277,353,4.69,3.32,0.161738
149,188,2.26,1.60,0.161720
285,194,2.26,1.60,0.161660
14,268,3.91,2.76,0.161458
171,295,2.26,1.60,0.161430
338,193,2.26,1.60,0.161328
337,146,2.26,1.60,0.160970
50,274,4.69,3.32,0.160942
211,209,2.26,1.60,0.160821
333,149,2.26,1.60,0.160537
303,148,2.26,1.60,0.160466
346,210,3.91,2.76,0.160249
328,217,2.72,1.92,0.160232
182,319,2.26,1.60,0.160202
117,268,2.26,1.60,0.160184
205,201,2.26,1.60,0.160036
176,142,5.63,3.98,0.159983
305,252,2.26,1.60,0.159661
259,335,2.26,1.60,0.159263
114,202,2.26,1.60,0.159215
14,241,5.63,3.98,0.159171
72,207,2.26,1.60,0.159127
210,164,5.63,3.98,0.159105
89,258,2.26,1.60,0.159057
140,199,2.26,1.60,0.158980
346,340,3.26,2.30,0.158979
199,216,2.26,1.60,0.158819
171,275,9.73,6.88,0.158807
146,290,2.26,1.60,0.158747
228,170,3.91,2.76,0.158608
296,146,3.26,2.30,0.158589
92,196,2.26,1.60,0.158584
334,234,2.72,1.92,0.158423
222,164,4.69,3.32,0.158332
180,349,2.26,1.60,0.158329
255,206,2.26,1.60,0.158209
120,182,2.26,1.60,0.158040
315,201,2.26,1.60,0.157911
215,181,2.26,1.60,0.157724
68,197,2.26,1.60,0.157719
28,245,3.26,2.30,0.157645
157,275,2.26,1.60,0.157148
335,183,2.26,1.60,0.157016
4,295,2.26,1.60,0.156704
64,179,2.72,1.92,0.156703
88,223,2.26,1.60,0.156398
266,353,2.26,1.60,0.156363
268,248,3.91,2.76,0.156259
244,166,3.26,2.30,0.156040
225,256,2.72,1.92,0.155972
315,205,2.26,1.60,0.155865
257,203,2.26,1.60,0.155814
317,245,2.72,1.92,0.155725
158,213,2.72,1.92,0.155703
184,306,4.69,3.32,0.155656
161,277,2.26,1.60,0.155537
110,359,5.63,3.98,0.155490
197,347,6.76,4.78,0.155386
213,169,2.26,1.60,0.155279
97,194,2.26,1.60,0.155240
271,167,2.72,1.92,0.155214
6,226,2.26,1.60,0.155130
110,242,4.69,3.32,0.155055
0,261,4.69,3.32,0.154973
309,165,2.72,1.92,0.154879
11,291,2.26,1.60,0.154783
256,182,2.26,1.60,0.154741
111,194,2.26,1.60,0.154371
269,179,2.72,1.92,0.154233
20,175,2.26,1.60,0.154036
15,208,2.26,1.60,0.154017
128,222,2.26,1.60,0.153950
266,164,2.26,1.60,0.153774
14,293,2.26,1.60,0.153736
329,182,2.26,1.60,0.153610
171,247,2.26,1.60,0.153551
270,168,3.91,2.76,0.153455
57,173,2.72,1.92,0.153445
339,359,3.26,2.30,0.153429
173,242,3.26,2.30,0.153361
185,199,2.26,1.60,0.153162
31,227,2.26,1.60,0.153087
308,202,2.26,1.60,0.153066
318,208,2.26,1.60,0.152980
112,243,4.69,3.32,0.152851
111,233,3.26,2.30,0.152789
299,145,4.69,3.32,0.152724
14,224,2.26,1.60,0.152662
70,204,2.26,1.60,0.152369
308,164,2.26,1.60,0.152357
223,166,2.26,1.60,0.152312
170,348,2.26,1.60,0.152186
57,302,5.63,3.98,0.151949
150,214,2.26,1.60,0.151947
359,316,2.26,1.60,0.151445
167,359,11.68,8.26,0.151235
195,273,4.69,3.32,0.151136
93,209,2.26,1.60,0.151096
275,199,2.26,1.60,0.151017
67,167,9.73,6.88,0.150822
221,162,6.76,4.78,0.150821
92,222,2.26,1.60,0.150802
268,272,2.26,1.60,0.150741
158,258,4.69,3.32,0.150563
299,195,2.26,1.60,0.150541
29,272,6.76,4.78,0.150535
113,208,2.72,1.92,0.150457
359,210,3.91,2.76,0.150433
56,210,2.26,1.60,0.150327
181,320,3.91,2.76,0.150320
114,235,3.91,2.76,0.150310
215,165,3.26,2.30,0.150170
185,323,3.26,2.30,0.150166
270,183,2.26,1.60,0.150019
359,314,3.26,2.30,0.149988
270,180,2.26,1.60,0.149980
108,201,2.26,1.60,0.149940
278,198,2.26,1.60,0.149530
350,342,2.26,1.60,0.149331
304,359,8.11,5.73,0.149181
359,309,6.76,4.78,0.149040
260,180,2.26,1.60,0.148912
65,299,2.26,1.60,0.148898
149,218,5.63,3.98,0.148813
318,236,3.91,2.76,0.148470
37,169,9.73,6.88,0.148354
183,197,2.26,1.60,0.148139
62,262,2.26,1.60,0.148103
26,261,2.26,1.60,0.148080
193,206,2.26,1.60,0.147979
70,257,2.26,1.60,0.147903
264,182,2.26,1.60,0.147702
62,264,3.91,2.76,0.147694
88,205,2.26,1.60,0.147646
11,272,2.26,1.60,0.147627
152,209,2.26,1.60,0.147579
245,224,2.26,1.60,0.147456
303,194,2.26,1.60,0.147346
163,244,5.63,3.98,0.147313
135,193,2.26,1.60,0.146899
252,201,2.26,1.60,0.146811
182,211,2.26,1.60,0.146734
23,225,2.26,1.60,0.146660
120,267,2.26,1.60,0.146638
14,260,2.26,1.60,0.146637
41,275,2.26,1.60,0.146501
238,171,2.26,1.60,0.146468
184,334,2.72,1.92,0.146271
331,214,2.26,1.60,0.146215
234,239,2.26,1.60,0.145992
260,270,3.91,2.76,0.145826
336,336,2.72,1.92,0.145748
125,211,2.26,1.60,0.145724
356,150,2.26,1.60,0.145675
202,253,4.69,3.32,0.145551
260,327,2.26,1.60,0.145256
267,163,3.26,2.30,0.145187
173,298,2.26,1.60,0.145087
198,162,9.73,6.88,0.144988
252,345,9.73,6.88,0.144967
312,180,2.72,1.92,0.144758
51,243,2.26,1.60,0.144743
56,193,2.26,1.60,0.144733
28,63,24.21,17.12,0.144597
118,183,3.26,2.30,0.144588
11,172,5.63,3.98,0.144478
83,275,2.26,1.60,0.144290
318,217,2.72,1.92,0.144220
282,248,2.26,1.60,0.144105
187,348,2.26,1.60,0.143864
100,207,2.26,1.60,0.143631
338,226,2.26,1.60,0.143478
345,335,2.72,1.92,0.143431
310,196,2.26,1.60,0.143417
126,212,2.72,1.92,0.143181
95,289,6.76,4.78,0.143156
240,282,16.81,11.89,0.143074
74,290,2.26,1.60,0.143035
98,176,2.26,1.60,0.142826
336,144,4.69,3.32,0.142678
182,335,2.72,1.92,0.142600
159,318,2.72,1.92,0.142537
199,171,2.26,1.60,0.142489
217,205,2.26,1.60,0.142439
31,191,2.26,1.60,0.142358
186,331,2.72,1.92,0.142334
233,188,8.11,5.73,0.142217
334,208,3.91,2.76,0.142136
300,252,2.26,1.60,0.142008
99,183,2.26,1.60,0.141839
62,228,2.26,1.60,0.141713
351,192,2.26,1.60,0.141620
326,180,2.26,1.60,0.141589
0,229,2.26,1.60,0.141576
278,180,2.72,1.92,0.141559
81,217,2.26,1.60,0.141531
121,48,14.01,9.91,0.141414
102,273,2.26,1.60,0.141257
341,183,2.26,1.60,0.141077
86,206,2.26,1.60,0.141053
19,271,2.26,1.60,0.140990
16,196,3.26,2.30,0.140936
134,211,8.11,5.73,0.140709
157,306,2.26,1.60,0.140660
47,205,2.26,1.60,0.140656
233,200,3.91,2.76,0.140486
176,335,2.26,1.60,0.140360
282,164,2.26,1.60,0.140259
71,292,2.26,1.60,0.140204
175,240,2.26,1.60,0.140166
90,198,2.26,1.60,0.140052
159,261,2.26,1.60,0.139769
329,236,2.26,1.60,0.139752
321,355,2.26,1.60,0.139666
302,147,3.26,2.30,0.139418
96,223,3.91,2.76,0.139365
154,196,2.26,1.60,0.139337
170,204,2.26,1.60,0.139254
279,211,2.26,1.60,0.139162
45,270,3.26,2.30,0.138873
110,273,2.26,1.60,0.138707
318,246,3.91,2.76,0.138702
333,203,2.26,1.60,0.138520
18,172,2.26,1.60,0.138504
263,197,2.26,1.60,0.138476
337,192,3.26,2.30,0.138443
170,283,2.26,1.60,0.138433
190,179,2.26,1.60,0.138422
21,236,2.26,1.60,0.138268
61,301,2.26,1.60,0.138194
91,208,2.72,1.92,0.138097
124,233,3.26,2.30,0.137957
62,195,2.26,1.60,0.137875
278,232,11.68,8.26,0.137732
46,275,2.26,1.60,0.137424
79,185,2.26,1.60,0.137211
313,193,2.26,1.60,0.137113
332,206,2.26,1.60,0.137048
350,243,3.91,2.76,0.137020
349,351,3.91,2.76,0.136962
20,185,2.26,1.60,0.136940
98,184,3.26,2.30,0.136871
204,239,2.72,1.92,0.136749
128,213,3.91,2.76,0.136704
33,231,2.26,1.60,0.136651
304,320,5.63,3.98,0.136419
147,199,2.26,1.60,0.136307
5,178,2.26,1.60,0.136304
82,128,5.63,3.98,0.136303
286,315,2.26,1.60,0.136241
68,207,2.26,1.60,0.136219
0,0,6.76,4.78,0.136162
127,173,3.26,2.30,0.135991
325,131,29.05,20.54,0.135928
41,206,2.26,1.60,0.135537
321,237,2.72,1.92,0.135438
91,226,2.26,1.60,0.135245
52,281,2.72,1.92,0.135243
256,326,3.91,2.76,0.135126
180,315,2.26,1.60,0.135084
11,242,2.26,1.60,0.135045
72,264,2.26,1.60,0.135027
41,248,2.26,1.60,0.134959
249,254,2.26,1.60,0.134930
151,171,4.69,3.32,0.134886
180,193,2.26,1.60,0.134879
64,195,2.26,1.60,0.134608
35,185,2.72,1.92,0.134605
53,282,2.26,1.60,0.134522
16,176,2.26,1.60,0.134505
37,36,8.11,5.73,0.134469
231,166,2.72,1.92,0.134449
199,193,2.26,1.60,0.134425
203,153,16.81,11.89,0.134385
236,196,2.26,1.60,0.134224
117,197,2.26,1.60,0.134066
143,175,2.26,1.60,0.133918
199,291,20.17,14.27,0.133915
168,172,3.91,2.76,0.133761
187,193,2.26,1.60,0.133471
166,191,2.26,1.60,0.133404
211,205,2.26,1.60,0.133337
147,181,2.26,1.60,0.133194
152,254,9.73,6.88,0.133187
303,329,2.26,1.60,0.133171
183,309,2.26,1.60,0.133117
17,266,2.26,1.60,0.132930
49,70,8.11,5.73,0.132863
202,167,2.72,1.92,0.132739
137,236,3.26,2.30,0.132661
333,198,2.26,1.60,0.132657
61,335,4.69,3.32,0.132531
175,297,3.91,2.76,0.132500
247,268,2.26,1.60,0.132452
189,178,2.72,1.92,0.132429
258,260,3.91,2.76,0.132296
324,183,2.26,1.60,0.132141
305,254,3.91,2.76,0.132140
276,350,2.72,1.92,0.132111
32,165,14.01,9.91,0.132072
181,149,24.21,17.12,0.131898
262,308,11.68,8.26,0.131721
103,188,2.26,1.60,0.131619
79,175,2.26,1.60,0.131532
228,359,29.05,20.54,0.131363
79,297,2.26,1.60,0.131302
346,179,3.91,2.76,0.131253
280,216,2.72,1.92,0.131194
42,195,2.26,1.60,0.131191
189,306,8.11,5.73,0.131119
71,339,2.26,1.60,0.131039
271,345,2.26,1.60,0.131006
168,236,2.26,1.60,0.130981
160,257,2.26,1.60,0.130920
174,293,2.26,1.60,0.130862
289,260,2.26,1.60,0.130770
175,294,2.72,1.92,0.130719
165,182,2.72,1.92,0.130642
319,323,3.91,2.76,0.130617
220,149,20.17,14.27,0.130303
294,255,6.76,4.78,0.130022
332,325,2.26,1.60,0.129980
193,172,2.26,1.60,0.129942
305,188,8.11,5.73,0.129919
295,213,2.26,1.60,0.129810
40,197,2.26,1.60,0.129770
79,226,2.26,1.60,0.129541
89,254,2.26,1.60,0.129537
220,24,16.81,11.89,0.129516
82,287,2.26,1.60,0.129388
109,197,2.26,1.60,0.129345
353,183,2.26,1.60,0.129272
314,219,2.26,1.60,0.129225
208,179,2.26,1.60,0.129163
197,329,2.72,1.92,0.129052
304,348,2.26,1.60,0.128879
52,185,3.91,2.76,0.128756
40,214,2.26,1.60,0.128689
0,220,2.72,1.92,0.128646
279,179,3.91,2.76,0.128643
33,174,5.63,3.98,0.128436
32,177,2.72,1.92,0.128282
348,353,3.26,2.30,0.128238
155,208,2.26,1.60,0.128207
292,134,29.05,20.54,0.128106
142,191,2.26,1.60,0.128033
302,163,2.72,1.92,0.127994
301,183,2.26,1.60,0.127971
76,268,4.69,3.32,0.127691
300,206,2.26,1.60,0.127464
198,181,2.26,1.60,0.127405
95,359,4.69,3.32,0.127361
315,316,2.26,1.60,0.127169
138,174,3.26,2.30,0.127154
187,312,2.26,1.60,0.127106
64,359,3.91,2.76,0.127096
265,167,2.26,1.60,0.126924
74,176,2.72,1.92,0.126767
113,191,2.26,1.60,0.126707
270,240,3.91,2.76,0.126627
286,182,2.26,1.60,0.126368
195,188,2.26,1.60,0.126309
0,195,2.26,1.60,0.126309
123,189,2.26,1.60,0.126307
349,304,3.91,2.76,0.126272
172,248,3.26,2.30,0.126233
68,211,2.26,1.60,0.126120
261,230,3.26,2.30,0.125921
343,274,3.91,2.76,0.125855
294,200,2.26,1.60,0.125836
38,274,2.26,1.60,0.125762
323,186,5.63,3.98,0.125694
287,211,2.26,1.60,0.125653
339,341,2.26,1.60,0.125486
201,178,2.26,1.60,0.125391
259,197,2.26,1.60,0.125259
227,208,2.26,1.60,0.125231
182,282,2.26,1.60,0.125210
132,232,6.76,4.78,0.125132
332,146,2.26,1.60,0.125044
228,189,2.26,1.60,0.124999
3,192,2.26,1.60,0.124912
236,203,2.26,1.60,0.124909
13,295,4.69,3.32,0.124883
201,145,29.05,20.54,0.124786
196,199,2.26,1.60,0.124439
144,174,3.26,2.30,0.124354
117,352,2.26,1.60,0.123990
241,239,2.26,1.60,0.123984
21,276,2.72,1.92,0.123916
70,179,3.26,2.30,0.123850
191,196,2.26,1.60,0.123775
149,301,2.26,1.60,0.123719
38,176,2.26,1.60,0.123678
81,293,2.26,1.60,0.123640
359,239,5.63,3.98,0.123503
92,287,3.91,2.76,0.123338
339,149,2.26,1.60,0.123273
240,294,2.26,1.60,0.123224
218,189,2.26,1.60,0.123193
156,298,2.26,1.60,0.123060
32,277,2.26,1.60,0.122911
44,59,4.69,3.32,0.122893
227,283,2.26,1.60,0.122689
257,335,3.26,2.30,0.122678
248,179,2.72,1.92,0.122636
18,188,5.63,3.98,0.122566
84,276,3.91,2.76,0.122546
3,258,2.26,1.60,0.122418
350,247,2.26,1.60,0.122381
170,173,2.26,1.60,0.122289
68,175,2.72,1.92,0.122233
63,192,2.26,1.60,0.122221
181,228,2.26,1.60,0.121994
52,304,9.73,6.88,0.121978
116,234,2.72,1.92,0.121795
145,188,2.72,1.92,0.121649
5,201,2.26,1.60,0.121576
288,247,2.26,1.60,0.121488
98,174,3.91,2.76,0.121414
108,229,2.26,1.60,0.121369
196,338,2.26,1.60,0.121365
298,223,4.69,3.32,0.121335
150,330,2.26,1.60,0.121329
124,359,16.81,11.89,0.121315
120,237,5.63,3.98,0.121306
126,197,2.26,1.60,0.121250
113,171,5.63,3.98,0.121202
185,214,2.72,1.92,0.121086
23,348,2.26,1.60,0.121051
173,345,2.72,1.92,0.120984
111,245,2.26,1.60,0.120976
171,329,2.26,1.60,0.120962
134,285,2.72,1.92,0.120954
339,317,2.26,1.60,0.120881
236,182,2.26,1.60,0.120806
304,205,2.26,1.60,0.120695
234,206,2.26,1.60,0.120625
249,165,2.26,1.60,0.120566
174,207,2.26,1.60,0.120531
150,169,6.76,4.78,0.120516
231,232,2.26,1.60,0.120476
221,191,2.26,1.60,0.120442
172,330,2.72,1.92,0.120421
80,174,3.26,2.30,0.120279
272,200,2.26,1.60,0.120217
175,182,3.26,2.30,0.120190
68,305,4.69,3.32,0.120148
0,185,2.72,1.92,0.120128
46,183,2.26,1.60,0.120085
139,221,2.26,1.60,0.119894
1,139,29.05,20.54,0.119881
41,196,2.72,1.92,0.119684
313,271,2.26,1.60,0.119671
180,181,2.26,1.60,0.119605
162,205,2.72,1.92,0.119601
27,311,2.72,1.92,0.119591
317,317,3.26,2.30,0.119435
267,224,3.91,2.76,0.119285
255,336,4.69,3.32,0.119258
142,215,2.26,1.60,0.119200
89,146,29.05,20.54,0.119151
188,215,3.91,2.76,0.119115
159,193,2.26,1.60,0.119099
297,192,2.26,1.60,0.119095
99,274,3.91,2.76,0.119036
285,253,2.26,1.60,0.118979
292,191,2.26,1.60,0.118970
198,328,3.91,2.76,0.118933
89,286,2.26,1.60,0.118914
172,233,5.63,3.98,0.118903
349,291,4.69,3.32,0.118848
16,289,2.26,1.60,0.118821
50,197,2.26,1.60,0.118770
248,188,2.26,1.60,0.118749
226,16,29.05,20.54,0.118749
72,313,2.26,1.60,0.118720
356,232,2.26,1.60,0.118643
219,178,2.72,1.92,0.118620
155,174,2.26,1.60,0.118619
346,302,6.76,4.78,0.118432
26,228,3.26,2.30,0.118400
267,198,2.26,1.60,0.118362
74,265,3.26,2.30,0.118296
47,245,3.26,2.30,0.118277
245,130,3.91,2.76,0.118267
17,212,2.26,1.60,0.118202
124,265,4.69,3.32,0.118154
284,353,3.91,2.76,0.118115
178,345,2.26,1.60,0.117953
234,179,2.26,1.60,0.117828
76,301,2.26,1.60,0.117783
344,211,2.26,1.60,0.117645
168,191,2.26,1.60,0.117641
310,204,2.26,1.60,0.117483
48,194,2.26,1.60,0.117405
185,225,2.26,1.60,0.117352
233,250,2.26,1.60,0.117252
51,187,2.26,1.60,0.117089
293,356,2.26,1.60,0.116951
135,234,4.69,3.32,0.116946
359,228,9.73,6.88,0.116855
108,187,2.26,1.60,0.116779
127,262,6.76,4.78,0.116758
171,240,5.63,3.98,0.116734
105,175,2.26,1.60,0.116642
1,98,20.17,14.27,0.116378
42,72,14.01,9.91,0.116354
48,180,2.26,1.60,0.116253
322,328,6.76,4.78,0.116043
244,299,6.76,4.78,0.115872
332,180,2.26,1.60,0.115850
346,311,3.91,2.76,0.115631
109,356,2.26,1.60,0.115563
118,172,2.26,1.60,0.115530
146,169,8.11,5.73,0.115358
230,206,2.26,1.60,0.115326
9,186,2.72,1.92,0.115324
275,168,2.26,1.60,0.115251
290,259,3.91,2.76,0.115234
334,274,3.91,2.76,0.115021
128,341,6.76,4.78,0.115002
273,186,2.26,1.60,0.114964
147,174,2.26,1.60,0.114842
171,312,2.26,1.60,0.114803
127,170,5.63,3.98,0.114548
341,241,3.26,2.30,0.114482
179,339,2.72,1.92,0.114480
175,232,3.91,2.76,0.114323
276,358,2.72,1.92,0.114310
327,191,2.26,1.60,0.114108
352,239,2.26,1.60,0.113988
315,312,2.26,1.60,0.113942
280,202,4.69,3.32,0.113942
328,189,9.73,6.88,0.113899
260,318,5.63,3.98,0.113878
258,56,9.73,6.88,0.113846
215,191,2.26,1.60,0.113844
289,149,2.26,1.60,0.113785
8,222,2.26,1.60,0.113723
129,236,9.73,6.88,0.113555
235,202,2.72,1.92,0.113521
294,358,2.26,1.60,0.113511
23,288,4.69,3.32,0.113454
142,173,4.69,3.32,0.113356
45,195,2.26,1.60,0.113354
245,193,2.26,1.60,0.113245
132,190,2.26,1.60,0.113168
335,317,2.26,1.60,0.113154
153,332,2.26,1.60,0.113061
88,290,2.26,1.60,0.113035
263,319,3.91,2.76,0.112996
58,190,2.26,1.60,0.112754
119,244,2.26,1.60,0.112515
160,253,2.26,1.60,0.112389
227,245,11.68,8.26,0.112212
95,226,2.26,1.60,0.112097
319,164,2.72,1.92,0.112052
108,123,11.68,8.26,0.112037
126,335,3.26,2.30,0.111985
131,334,2.72,1.92,0.111858
252,277,2.26,1.60,0.111705
119,240,2.26,1.60,0.111672
91,195,3.91,2.76,0.111632
214,236,2.26,1.60,0.111592
342,145,2.26,1.60,0.111523
119,119,5.63,3.98,0.111442
198,254,2.26,1.60,0.111439
18,224,2.26,1.60,0.111423
7,229,2.26,1.60,0.111341
24,128,5.63,3.98,0.111295
280,314,2.26,1.60,0.111220
89,340,11.68,8.26,0.111121
161,221,3.26,2.30,0.110926
339,242,4.69,3.32,0.110912
197,228,2.26,1.60,0.110881
213,342,6.76,4.78,0.110785
228,182,2.26,1.60,0.110597
115,242,2.26,1.60,0.110549
341,275,2.26,1.60,0.110472
48,170,2.26,1.60,0.110442
97,202,4.69,3.32,0.110375
78,300,3.91,2.76,0.110208
208,206,2.26,1.60,0.110091
42,183,2.26,1.60,0.110048
292,231,2.26,1.60,0.109923
359,190,2.26,1.60,0.109917
202,234,2.72,1.92,0.109856
176,278,2.26,1.60,0.109781
16,238,2.26,1.60,0.109740
127,338,4.69,3.32,0.109739
193,322,2.26,1.60,0.109710
336,179,2.72,1.92,0.109566
109,240,2.26,1.60,0.109505
296,339,2.72,1.92,0.109399
316,182,2.26,1.60,0.109318
170,333,2.26,1.60,0.109313
196,279,9.73,6.88,0.109278
355,318,2.72,1.92,0.109209
218,186,8.11,5.73,0.109200
38,261,2.26,1.60,0.109193
343,347,4.69,3.32,0.109186
82,173,4.69,3.32,0.109163
359,215,2.26,1.60,0.109091
187,210,2.26,1.60,0.108999
97,219,2.26,1.60,0.108967
82,263,2.26,1.60,0.108943
284,245,2.26,1.60,0.108738
25,174,3.26,2.30,0.108718
109,182,2.26,1.60,0.108705
154,173,2.72,1.92,0.108684
85,176,2.26,1.60,0.108648
162,188,2.26,1.60,0.108583
74,273,2.26,1.60,0.108404
338,202,2.26,1.60,0.108338
33,344,6.76,4.78,0.108262
119,171,2.72,1.92,0.108217
96,206,2.26,1.60,0.108209
61,208,5.63,3.98,0.108163
145,216,2.26,1.60,0.108148
47,307,14.01,9.91,0.107930
76,187,2.26,1.60,0.107826
110,190,2.26,1.60,0.107779
73,259,2.26,1.60,0.107715
49,190,2.26,1.60,0.107705
23,228,4.69,3.32,0.107674
122,245,2.26,1.60,0.107671
44,201,2.26,1.60,0.107653
84,174,3.91,2.76,0.107635
273,202,2.26,1.60,0.107632
81,269,2.26,1.60,0.107602
230,179,2.26,1.60,0.107585
67,303,2.72,1.92,0.107522
144,257,16.81,11.89,0.107509
331,293,3.26,2.30,0.107414
261,208,16.81,11.89,0.107336
269,188,2.26,1.60,0.107197
252,286,2.72,1.92,0.107037
271,223,3.26,2.30,0.106809
309,152,2.26,1.60,0.106792
7,0,4.69,3.32,0.106720
269,194,2.26,1.60,0.106623
164,221,4.69,3.32,0.106619
168,327,2.26,1.60,0.106572
48,200,2.26,1.60,0.106419
353,318,4.69,3.32,0.106348
91,281,3.91,2.76,0.106347
136,196,2.26,1.60,0.106327
68,193,2.26,1.60,0.106263
359,185,2.26,1.60,0.106206
236,246,3.26,2.30,0.106166
23,110,3.91,2.76,0.106158
333,179,2.72,1.92,0.105963
341,329,2.26,1.60,0.105866
342,239,2.26,1.60,0.105860
102,196,2.26,1.60,0.105854
86,316,2.26,1.60,0.105810
147,215,2.26,1.60,0.105754
128,199,2.26,1.60,0.105724
144,133,6.76,4.78,0.105581
313,353,2.72,1.92,0.105463
327,177,5.63,3.98,0.105253
230,253,2.26,1.60,0.105081
300,328,2.26,1.60,0.105060
278,207,2.26,1.60,0.105055
298,268,2.26,1.60,0.104907
82,191,3.26,2.30,0.104760
311,208,2.26,1.60,0.104633
86,274,5.63,3.98,0.104475
103,173,4.69,3.32,0.104297
48,0,29.05,20.54,0.104260
311,318,2.26,1.60,0.104214
250,359,6.76,4.78,0.103971
26,267,2.26,1.60,0.103969
322,179,2.26,1.60,0.103962
292,197,2.26,1.60,0.103886
235,127,2.26,1.60,0.103857
225,331,9.73,6.88,0.103732
212,243,2.26,1.60,0.103491
285,249,2.26,1.60,0.103377
273,221,2.26,1.60,0.103370
34,214,5.63,3.98,0.103366
264,321,2.72,1.92,0.103178
131,332,3.91,2.76,0.103131
102,191,2.26,1.60,0.103046
241,296,3.91,2.76,0.103040
56,204,2.26,1.60,0.102954
166,174,2.26,1.60,0.102828
244,257,2.26,1.60,0.102814
255,197,2.26,1.60,0.102808
27,306,2.26,1.60,0.102803
46,296,2.26,1.60,0.102705
31,240,2.26,1.60,0.102695
204,56,8.11,5.73,0.102692
310,153,2.72,1.92,0.102613
183,178,2.72,1.92,0.102554
108,341,11.68,8.26,0.102537
105,202,2.26,1.60,0.102493
317,354,2.26,1.60,0.102468
311,197,16.81,11.89,0.102450
301,179,2.26,1.60,0.102383
320,211,29.05,20.54,0.102324
108,214,2.26,1.60,0.102258
32,309,2.26,1.60,0.102232
222,204,2.26,1.60,0.102222
186,0,24.21,17.12,0.102194
290,265,2.26,1.60,0.102157
78,343,2.26,1.60,0.102109
211,359,24.21,17.12,0.102046
84,271,2.26,1.60,0.102033
214,246,2.26,1.60,0.102004
48,257,2.26,1.60,0.101965
293,179,2.72,1.92,0.101937
252,197,2.26,1.60,0.101936
105,279,6.76,4.78,0.101741
14,302,2.26,1.60,0.101707
166,227,4.69,3.32,0.101704
27,237,2.26,1.60,0.101686
347,195,2.72,1.92,0.101483
163,219,2.26,1.60,0.101480
165,163,14.01,9.91,0.101466
192,188,8.11,5.73,0.101459
202,191,2.26,1.60,0.101432
240,346,20.17,14.27,0.101394
246,190,2.26,1.60,0.101389
0,359,5.63,3.98,0.101343
78,240,2.26,1.60,0.101338
333,238,5.63,3.98,0.101314
99,171,6.76,4.78,0.101185
35,194,2.26,1.60,0.101140
115,213,8.11,5.73,0.101112
117,200,2.26,1.60,0.101109
52,287,3.26,2.30,0.101048
70,193,3.26,2.30,0.101046
65,190,2.26,1.60,0.101018
233,293,2.26,1.60,0.100991
153,183,2.26,1.60,0.100831
349,154,2.26,1.60,0.100674
77,337,2.26,1.60,0.100663
133,197,2.26,1.60,0.100375
349,348,2.26,1.60,0.100240
66,349,2.26,1.60,0.100213
26,270,2.26,1.60,0.100151
210,202,2.26,1.60,0.100144
271,192,2.26,1.60,0.099978
320,321,2.26,1.60,0.099943
8,202,2.26,1.60,0.099914
75,229,2.26,1.60,0.099789
264,218,2.26,1.60,0.099760
325,238,2.26,1.60,0.099702
170,229,3.26,2.30,0.099699
52,192,2.72,1.92,0.099648
31,23,8.11,5.73,0.099647
239,266,2.26,1.60,0.099509
311,306,2.72,1.92,0.099481
239,194,2.26,1.60,0.099478
45,219,3.26,2.30,0.099328
301,325,2.26,1.60,0.098960
25,236,2.26,1.60,0.098954
81,301,5.63,3.98,0.098761
241,215,2.26,1.60,0.098690
106,211,2.26,1.60,0.098607
192,226,2.26,1.60,0.098541
26,43,3.91,2.76,0.098532
118,346,4.69,3.32,0.098374
339,206,8.11,5.73,0.098345
27,189,2.26,1.60,0.098300
281,272,2.26,1.60,0.098217
163,174,2.26,1.60,0.098150
135,257,2.26,1.60,0.098122
49,231,2.26,1.60,0.098050
224,282,5.63,3.98,0.097979
319,195,2.26,1.60,0.097924
20,193,2.26,1.60,0.097765
312,319,2.72,1.92,0.097763
87,253,3.91,2.76,0.097550
0,188,2.26,1.60,0.097519
128,330,2.26,1.60,0.097457
81,169,8.11,5.73,0.097434
150,186,3.91,2.76,0.097422
77,344,3.26,2.30,0.097377
0,172,5.63,3.98,0.097356
12,203,2.26,1.60,0.097349
288,183,3.26,2.30,0.097315
119,278,8.11,5.73,0.097273
16,221,2.26,1.60,0.097251
147,243,2.72,1.92,0.097164
88,246,2.26,1.60,0.097133
0,297,2.72,1.92,0.097075
95,190,2.26,1.60,0.097049
32,141,2.26,1.60,0.096915
89,272,2.26,1.60,0.096771
119,349,2.26,1.60,0.096758
304,327,3.91,2.76,0.096711
11,187,3.91,2.76,0.096688
272,277,4.69,3.32,0.096621
64,201,2.26,1.60,0.096597
298,182,2.26,1.60,0.096473
108,219,2.26,1.60,0.096472
279,204,2.26,1.60,0.096236
286,189,8.11,5.73,0.096140
295,342,2.26,1.60,0.096128
294,178,3.91,2.76,0.096088
156,191,2.72,1.92,0.096008
239,246,5.63,3.98,0.095927
45,300,2.72,1.92,0.095914
195,266,2.26,1.60,0.095813
80,159,20.17,14.27,0.095696
293,293,20.17,14.27,0.095617
114,350,2.26,1.60,0.095408
88,265,2.26,1.60,0.095407
149,244,2.72,1.92,0.095157
120,169,4.69,3.32,0.095041
246,294,2.26,1.60,0.095007
198,197,2.26,1.60,0.094912
251,337,2.26,1.60,0.094866
81,203,3.91,2.76,0.094861
113,353,2.26,1.60,0.094809
23,199,2.26,1.60,0.094617
178,281,2.26,1.60,0.094605
78,334,2.26,1.60,0.094602
238,139,2.72,1.92,0.094601
210,282,5.63,3.98,0.094585
334,329,2.26,1.60,0.094542
286,239,5.63,3.98,0.094535
315,238,2.26,1.60,0.094502
344,359,2.26,1.60,0.094468
85,258,2.26,1.60,0.094422
147,301,3.91,2.76,0.094357
75,190,2.26,1.60,0.094346
41,342,3.26,2.30,0.094203
94,183,2.26,1.60,0.094148
333,334,5.63,3.98,0.094066
293,207,5.63,3.98,0.093957
192,221,5.63,3.98,0.093834
192,199,2.26,1.60,0.093775
249,291,2.26,1.60,0.093710
96,280,2.26,1.60,0.093620
290,184,2.72,1.92,0.093595
230,270,3.26,2.30,0.093529
42,243,2.26,1.60,0.093463
59,259,2.26,1.60,0.093445
300,178,3.26,2.30,0.093346
34,259,2.26,1.60,0.093326
118,201,2.72,1.92,0.093296
354,201,2.26,1.60,0.093123
247,336,2.72,1.92,0.093048
348,194,2.26,1.60,0.093035
7,9,5.63,3.98,0.093013
244,209,2.26,1.60,0.092979
280,193,2.26,1.60,0.092977
213,233,3.91,2.76,0.092973
77,232,2.26,1.60,0.092951
253,288,3.91,2.76,0.092942
225,191,2.26,1.60,0.092934
52,314,2.26,1.60,0.092911
277,241,2.26,1.60,0.092867
33,207,2.26,1.60,0.092799
255,232,3.26,2.30,0.092756
8,46,5.63,3.98,0.092739
193,224,3.91,2.76,0.092640
52,156,2.26,1.60,0.092624
131,185,2.26,1.60,0.092575
3,174,2.72,1.92,0.092344
320,357,4.69,3.32,0.092238
28,359,4.69,3.32,0.092204
31,217,2.72,1.92,0.092136
359,338,4.69,3.32,0.092078
246,359,4.69,3.32,0.091917
145,333,3.26,2.30,0.091768
291,230,3.26,2.30,0.091667
134,81,6.76,4.78,0.091614
355,276,2.72,1.92,0.091594
194,323,2.72,1.92,0.091504
133,149,29.05,20.54,0.091306
112,80,5.63,3.98,0.090857
292,228,3.91,2.76,0.090558
332,269,2.72,1.92,0.090547
248,292,2.72,1.92,0.090512
76,183,2.72,1.92,0.090277
325,318,5.63,3.98,0.090163
325,322,2.72,1.92,0.090132
86,246,3.26,2.30,0.090126
20,359,3.91,2.76,0.089916
247,334,3.91,2.76,0.089762
215,333,3.91,2.76,0.089712
153,339,3.26,2.30,0.089708
37,193,3.26,2.30,0.089617
354,343,2.72,1.92,0.089490
77,128,2.72,1.92,0.089484
338,348,8.11,5.73,0.089421
1,196,29.05,20.54,0.089345
60,355,2.72,1.92,0.089143
342,297,3.26,2.30,0.089057
137,334,2.72,1.92,0.089044
332,348,9.73,6.88,0.089019
330,279,3.26,2.30,0.088936
30,354,3.91,2.76,0.088659
108,183,2.72,1.92,0.088590
129,291,6.76,4.78,0.088585
329,281,4.69,3.32,0.088482
115,343,8.11,5.73,0.088220
285,312,4.69,3.32,0.088158
359,287,6.76,4.78,0.088048
48,144,29.05,20.54,0.087835
339,282,6.76,4.78,0.087761
181,29,2.72,1.92,0.087667
26,277,2.72,1.92,0.087591
203,223,2.72,1.92,0.087563
251,230,2.72,1.92,0.087517
311,252,2.72,1.92,0.087466
147,130,3.91,2.76,0.087343
17,297,8.11,5.73,0.087155
335,304,14.01,9.91,0.086961
119,196,3.26,2.30,0.086909
42,31,3.26,2.30,0.086655
120,335,3.91,2.76,0.086641
109,168,9.73,6.88,0.086554
26,122,3.26,2.30,0.086311
157,240,2.72,1.92,0.086241
191,29,3.26,2.30,0.085858
353,209,2.72,1.92,0.085711
206,230,2.72,1.92,0.085703
296,206,3.91,2.76,0.085574
133,329,5.63,3.98,0.085510
352,359,3.91,2.76,0.085500
160,202,5.63,3.98,0.085496
122,282,3.91,2.76,0.085298
294,210,3.91,2.76,0.085262
233,295,3.91,2.76,0.085165
331,268,3.26,2.30,0.085031
235,223,3.26,2.30,0.084906
273,295,5.63,3.98,0.084616
222,221,4.69,3.32,0.084612
188,351,3.91,2.76,0.084563
94,331,3.26,2.30,0.084515
215,254,3.91,2.76,0.084416
359,292,2.72,1.92,0.084377
290,206,8.11,5.73,0.084205
191,23,3.26,2.30,0.084124
252,231,3.26,2.30,0.083953
38,16,16.81,11.89,0.083922
68,202,4.69,3.32,0.083878
326,321,3.91,2.76,0.083841
100,324,9.73,6.88,0.083615
326,345,8.11,5.73,0.083356
280,243,3.26,2.30,0.083172
65,355,2.72,1.92,0.083115
220,222,3.26,2.30,0.083036
205,12,4.69,3.32,0.082899
190,21,4.69,3.32,0.082871
45,233,2.72,1.92,0.082696
265,316,2.72,1.92,0.082450
2,319,2.72,1.92,0.082360
0,226,4.69,3.32,0.082331
246,332,5.63,3.98,0.082113
254,130,2.72,1.92,0.082047
59,354,3.91,2.76,0.081979
135,293,4.69,3.32,0.081861
225,305,6.76,4.78,0.081847
85,334,2.72,1.92,0.081727
270,0,5.63,3.98,0.081641
113,276,2.72,1.92,0.081606
211,224,3.26,2.30,0.081527
232,297,5.63,3.98,0.081468
321,192,2.72,1.92,0.081462
177,188,2.72,1.92,0.081434
136,224,3.26,2.30,0.081283
214,228,6.76,4.78,0.081127
270,288,2.72,1.92,0.080971
287,271,3.26,2.30,0.080481
274,125,3.26,2.30,0.080271
208,299,3.91,2.76,0.080102
344,283,4.69,3.32,0.079965
134,315,2.72,1.92,0.079943
96,199,2.72,1.92,0.079824
356,304,2.72,1.92,0.079739
220,266,2.72,1.92,0.079736
68,199,3.91,2.76,0.079192
248,308,3.91,2.76,0.079148
82,312,2.72,1.92,0.079069
231,300,8.11,5.73,0.078896
355,189,2.72,1.92,0.078787
38,214,3.91,2.76,0.078780
99,165,14.01,9.91,0.078675
273,291,3.26,2.30,0.078659
38,268,2.72,1.92,0.078615
304,354,3.26,2.30,0.078384
220,281,8.11,5.73,0.078307
226,263,8.11,5.73,0.077951
66,29,29.05,20.54,0.077875
313,301,2.72,1.92,0.077852
121,284,2.72,1.92,0.077843
336,286,2.72,1.92,0.077640
89,358,29.05,20.54,0.077629
350,202,5.63,3.98,0.077363
79,123,2.72,1.92,0.077227
329,328,2.72,1.92,0.077192
218,293,6.76,4.78,0.077133
37,340,3.26,2.30,0.076925
238,211,3.26,2.30,0.076713
342,290,2.72,1.92,0.076659
272,187,3.26,2.30,0.076451
50,102,24.21,17.12,0.076386
270,61,6.76,4.78,0.076283
285,273,4.69,3.32,0.076250
244,253,11.68,8.26,0.075908
183,359,3.26,2.30,0.075818
33,268,2.72,1.92,0.075817
186,292,5.63,3.98,0.075780
339,266,5.63,3.98,0.075650
172,39,4.69,3.32,0.075576
140,309,4.69,3.32,0.075518
140,196,24.21,17.12,0.075504
37,28,3.26,2.30,0.075329
35,99,20.17,14.27,0.075171
216,252,2.72,1.92,0.075112
47,223,2.72,1.92,0.075098
255,308,3.26,2.30,0.075018
236,258,8.11,5.73,0.074864
66,343,4.69,3.32,0.074639
96,302,3.91,2.76,0.074445
220,304,3.26,2.30,0.074341
214,0,2.72,1.92,0.073929
311,288,3.91,2.76,0.073738
232,260,8.11,5.73,0.073719
167,209,2.72,1.92,0.073538
328,267,5.63,3.98,0.073409
0,33,5.63,3.98,0.073331
135,226,3.91,2.76,0.073143
351,283,3.26,2.30,0.073141
106,51,5.63,3.98,0.073086
200,22,2.72,1.92,0.073065
200,319,3.26,2.30,0.073054
211,292,3.91,2.76,0.073013
212,346,2.72,1.92,0.072923
0,214,9.73,6.88,0.072895
255,154,4.69,3.32,0.072878
96,338,5.63,3.98,0.072830
245,232,3.26,2.30,0.072759
59,54,14.01,9.91,0.072632
220,328,4.69,3.32,0.072611
260,296,3.91,2.76,0.072568
245,135,2.72,1.92,0.072423
38,359,6.76,4.78,0.072344
68,345,2.72,1.92,0.072275
248,312,6.76,4.78,0.072135
325,274,2.72,1.92,0.072074
23,141,6.76,4.78,0.071801
65,100,29.05,20.54,0.071762
166,189,6.76,4.78,0.071730
327,306,2.72,1.92,0.071685
53,334,3.26,2.30,0.071517
275,274,2.72,1.92,0.071289
209,293,3.26,2.30,0.071074
84,57,2.72,1.92,0.070875
219,299,2.72,1.92,0.070780
81,313,3.91,2.76,0.070743
129,318,2.72,1.92,0.070664
9,26,3.91,2.76,0.070662
18,304,2.72,1.92,0.070576
325,314,9.73,6.88,0.070532
234,232,4.69,3.32,0.070422
160,353,3.26,2.30,0.070321
350,112,3.91,2.76,0.070149
214,292,5.63,3.98,0.070091
295,1,29.05,20.54,0.070077
107,47,3.26,2.30,0.070073
200,226,4.69,3.32,0.070028
208,315,8.11,5.73,0.069887
322,293,2.72,1.92,0.069883
326,252,3.26,2.30,0.069363
198,16,3.26,2.30,0.069266
32,332,2.72,1.92,0.069208
281,312,3.26,2.30,0.069191
0,113,9.73,6.88,0.068999
128,286,3.26,2.30,0.068905
84,184,3.26,2.30,0.068745
226,312,3.26,2.30,0.068718
205,191,3.91,2.76,0.068683
247,231,5.63,3.98,0.068680
153,263,2.72,1.92,0.068588
274,64,11.68,8.26,0.068431
34,252,3.91,2.76,0.068106
72,324,9.73,6.88,0.067825
82,340,2.72,1.92,0.067757
217,305,2.72,1.92,0.067480
140,301,2.72,1.92,0.067428
235,227,6.76,4.78,0.067124
65,48,20.17,14.27,0.067099
116,285,2.72,1.92,0.067059
244,319,9.73,6.88,0.067055
213,199,5.63,3.98,0.067011
307,269,4.69,3.32,0.066997
67,340,3.26,2.30,0.066852
225,80,29.05,20.54,0.066782
130,186,5.63,3.98,0.066744
34,359,3.26,2.30,0.066648
253,238,16.81,11.89,0.066641
225,268,6.76,4.78,0.066637
244,44,11.68,8.26,0.066506
231,322,3.26,2.30,0.066456
71,344,8.11,5.73,0.066430
56,320,2.72,1.92,0.066405
312,51,29.05,20.54,0.066405
46,49,4.69,3.32,0.066258
359,196,6.76,4.78,0.066192
121,76,3.91,2.76,0.066170
99,336,3.91,2.76,0.065917
78,122,3.91,2.76,0.065867
239,133,11.68,8.26,0.065726
258,198,6.76,4.78,0.065669
329,258,4.69,3.32,0.065378
175,304,3.26,2.30,0.065357
129,67,9.73,6.88,0.065340
302,303,3.91,2.76,0.065301
230,325,5.63,3.98,0.065185
40,239,9.73,6.88,0.065131
104,356,2.72,1.92,0.064828
121,202,4.69,3.32,0.064809
308,266,5.63,3.98,0.064792
273,228,2.72,1.92,0.064724
7,263,2.72,1.92,0.064721
241,328,3.26,2.30,0.064670
64,209,3.26,2.30,0.064663
179,189,4.69,3.32,0.064630
40,226,11.68,8.26,0.064562
187,287,3.91,2.76,0.064543
28,137,3.91,2.76,0.064466
280,282,2.72,1.92,0.064410
84,322,3.91,2.76,0.064369
116,156,2.72,1.92,0.064363
103,352,5.63,3.98,0.064267
70,333,4.69,3.32,0.064263
23,321,8.11,5.73,0.064177
359,275,6.76,4.78,0.064151
329,196,2.72,1.92,0.064074
132,53,2.72,1.92,0.064004
315,344,2.72,1.92,0.064003
88,121,2.72,1.92,0.064001
50,334,5.63,3.98,0.063844
101,51,9.73,6.88,0.063639
169,192,29.05,20.54,0.063600
32,112,3.26,2.30,0.063595
47,359,14.01,9.91,0.063544
281,281,3.26,2.30,0.063113
19,46,4.69,3.32,0.062973
35,264,16.81,11.89,0.062959
195,217,2.72,1.92,0.062947
35,319,5.63,3.98,0.062869
220,298,3.91,2.76,0.062755
63,194,3.91,2.76,0.062752
47,338,8.11,5.73,0.062714
136,271,3.26,2.30,0.062695
287,19,14.01,9.91,0.062564
193,34,2.72,1.92,0.062136
0,248,24.21,17.12,0.062097
89,120,3.91,2.76,0.062055
105,334,3.91,2.76,0.062048
179,136,2.72,1.92,0.062042
315,187,2.72,1.92,0.061976
300,18,4.69,3.32,0.061914
103,335,4.69,3.32,0.061887
322,256,2.72,1.92,0.061871
211,262,14.01,9.91,0.061818
342,203,2.72,1.92,0.061705
57,313,5.63,3.98,0.061317
318,350,3.91,2.76,0.061211
105,312,3.26,2.30,0.061107
252,312,2.72,1.92,0.060968
168,220,2.72,1.92,0.060884
298,261,3.91,2.76,0.060785
318,277,29.05,20.54,0.060758
15,127,3.26,2.30,0.060563
124,287,29.05,20.54,0.060531
8,325,3.91,2.76,0.060395
208,7,9.73,6.88,0.060290
107,333,3.26,2.30,0.060289
227,319,2.72,1.92,0.060231
359,359,16.81,11.89,0.060194
225,136,3.26,2.30,0.060170
111,189,24.21,17.12,0.060141
31,315,2.72,1.92,0.060134
21,327,11.68,8.26,0.059896
69,335,2.72,1.92,0.059869
107,73,14.01,9.91,0.059791
252,315,3.91,2.76,0.059750
52,127,2.72,1.92,0.059727
285,286,3.26,2.30,0.059491
316,189,2.72,1.92,0.059332
357,297,2.72,1.92,0.059322
105,251,24.21,17.12,0.059250
73,333,3.26,2.30,0.059137
233,254,4.69,3.32,0.059057
209,303,2.72,1.92,0.058997
225,196,3.91,2.76,0.058887
359,327,11.68,8.26,0.058661
249,134,2.72,1.92,0.058636
107,350,3.91,2.76,0.058623
128,321,4.69,3.32,0.058546
236,263,4.69,3.32,0.058521
182,37,11.68,8.26,0.058450
254,354,2.72,1.92,0.058436
331,253,16.81,11.89,0.058360
289,72,29.05,20.54,0.058230
62,63,8.11,5.73,0.058097
196,182,3.91,2.76,0.058087
22,339,5.63,3.98,0.057846
118,155,4.69,3.32,0.057741
195,34,3.91,2.76,0.057719
14,33,2.72,1.92,0.057361
225,319,3.91,2.76,0.057314
32,316,3.26,2.30,0.057303
148,247,5.63,3.98,0.057256
220,309,2.72,1.92,0.057233
224,214,2.72,1.92,0.057222
29,326,3.26,2.30,0.057197
253,193,5.63,3.98,0.057070
285,210,3.91,2.76,0.057035
95,67,4.69,3.32,0.057014
91,297,3.26,2.30,0.056875
257,18,5.63,3.98,0.056847
103,114,3.91,2.76,0.056816
101,316,2.72,1.92,0.056692
91,117,6.76,4.78,0.056488
159,132,3.26,2.30,0.056461
298,308,3.91,2.76,0.056394
61,67,5.63,3.98,0.056318
254,296,3.26,2.30,0.056041
0,44,4.69,3.32,0.055852
123,306,29.05,20.54,0.055803
169,136,4.69,3.32,0.055793
0,315,14.01,9.91,0.055743
20,44,2.72,1.92,0.055692
168,73,29.05,20.54,0.055614
251,296,2.72,1.92,0.055596
101,330,2.72,1.92,0.055295
72,69,2.72,1.92,0.055254
191,204,6.76,4.78,0.055023
19,338,9.73,6.88,0.054962
109,100,14.01,9.91,0.054854
17,348,3.26,2.30,0.054809
208,248,3.26,2.30,0.054537
25,316,3.26,2.30,0.054330
84,66,2.72,1.92,0.054298
46,261,2.72,1.92,0.054278
324,244,9.73,6.88,0.054129
50,199,11.68,8.26,0.054022
28,253,3.26,2.30,0.054013
312,326,3.91,2.76,0.053943
237,158,3.26,2.30,0.053909
14,17,2.72,1.92,0.053827
30,257,2.72,1.92,0.053767
204,343,3.26,2.30,0.053717
100,101,16.81,11.89,0.053702
204,266,4.69,3.32,0.053353
239,333,2.72,1.92,0.053328
148,317,3.26,2.30,0.053287
151,202,3.91,2.76,0.053271
110,112,3.26,2.30,0.053222
134,250,4.69,3.32,0.052958
231,308,2.72,1.92,0.052819
221,343,3.91,2.76,0.052613
175,29,3.91,2.76,0.052596
295,47,9.73,6.88,0.052560
147,312,2.72,1.92,0.052554
359,20,4.69,3.32,0.052360
27,325,5.63,3.98,0.052179
238,332,3.26,2.30,0.052151
139,184,3.26,2.30,0.052069
245,124,3.26,2.30,0.052061
185,80,29.05,20.54,0.051740
233,308,4.69,3.32,0.051695
276,85,29.05,20.54,0.051690
37,124,5.63,3.98,0.051459
20,19,3.26,2.30,0.051410
27,336,3.26,2.30,0.051281
86,102,20.17,14.27,0.051275
189,42,5.63,3.98,0.051238
219,215,3.26,2.30,0.051216
318,12,8.11,5.73,0.051152
295,271,2.72,1.92,0.051089
203,273,2.72,1.92,0.051066
119,112,2.72,1.92,0.050972
273,304,3.26,2.30,0.050790
115,325,3.91,2.76,0.050651
340,134,2.72,1.92,0.050644
251,86,29.05,20.54,0.050533
106,66,8.11,5.73,0.050474
259,246,3.91,2.76,0.050463
347,268,2.72,1.92,0.050348
11,117,3.26,2.30,0.050305
94,119,2.72,1.92,0.050271
0,79,3.26,2.30,0.050236
7,218,3.26,2.30,0.050159
217,137,2.72,1.92,0.050158
105,292,3.26,2.30,0.050094
78,323,2.72,1.92,0.050057
251,323,2.72,1.92,0.049891
105,329,2.72,1.92,0.049872
110,132,2.72,1.92,0.049851
299,283,2.72,1.92,0.049696
275,136,2.72,1.92,0.049665
174,27,5.63,3.98,0.049606
233,148,3.26,2.30,0.049598
16,22,2.72,1.92,0.049342
222,321,2.72,1.92,0.049332
352,121,4.69,3.32,0.049220
182,300,2.72,1.92,0.049141
128,246,2.72,1.92,0.049032
242,156,4.69,3.32,0.048960
92,111,11.68,8.26,0.048895
51,44,2.72,1.92,0.048865
0,269,29.05,20.54,0.048785
216,136,3.91,2.76,0.048732
39,219,2.72,1.92,0.048675
239,144,3.26,2.30,0.048652
93,125,3.26,2.30,0.048583
15,359,2.72,1.92,0.048518
218,323,2.72,1.92,0.048377
339,312,2.72,1.92,0.048353
250,329,2.72,1.92,0.048310
302,273,3.26,2.30,0.048068
22,22,3.26,2.30,0.047927
107,38,2.72,1.92,0.047909
213,191,3.91,2.76,0.047883
354,122,3.26,2.30,0.047807
98,75,4.69,3.32,0.047756
145,126,2.72,1.92,0.047723
153,271,2.72,1.92,0.047720
146,318,4.69,3.32,0.047554
20,105,2.72,1.92,0.047544
101,111,8.11,5.73,0.047373
24,302,2.72,1.92,0.047367
215,272,5.63,3.98,0.047288
242,72,2.72,1.92,0.047250
71,130,2.72,1.92,0.047221
242,123,4.69,3.32,0.047067
123,73,6.76,4.78,0.047027
8,158,4.69,3.32,0.047018
240,124,3.91,2.76,0.046994
0,301,5.63,3.98,0.046939
102,59,2.72,1.92,0.046894
50,226,2.72,1.92,0.046762
21,344,2.72,1.92,0.046689
219,322,3.26,2.30,0.046551
49,39,2.72,1.92,0.046492
152,267,4.69,3.32,0.046465
342,254,6.76,4.78,0.046448
74,121,6.76,4.78,0.046315
359,271,29.05,20.54,0.046156
119,110,4.69,3.32,0.046130
124,127,4.69,3.32,0.046130
247,259,2.72,1.92,0.046024
144,125,3.91,2.76,0.045918
126,30,9.73,6.88,0.045664
109,328,2.72,1.92,0.045647
29,296,3.26,2.30,0.045560
298,282,3.91,2.76,0.045510
272,131,3.26,2.30,0.045499
147,275,3.26,2.30,0.045490
2,30,29.05,20.54,0.045477
25,206,5.63,3.98,0.045441
294,279,5.63,3.98,0.045427
38,350,3.26,2.30,0.045196
137,250,3.26,2.30,0.045195
331,0,2.72,1.92,0.045147
315,258,2.72,1.92,0.044963
212,68,8.11,5.73,0.044785
17,155,2.72,1.92,0.044671
359,33,29.05,20.54,0.044647
325,359,3.26,2.30,0.044492
139,76,2.72,1.92,0.044385
315,337,3.91,2.76,0.044325
231,146,5.63,3.98,0.044236
217,278,2.72,1.92,0.044212
96,342,2.72,1.92,0.044204
38,220,3.26,2.30,0.044164
62,155,2.72,1.92,0.044140
187,54,2.72,1.92,0.044096
1,324,2.72,1.92,0.043997
106,328,3.91,2.76,0.043956
109,0,29.05,20.54,0.043943
173,23,9.73,6.88,0.043937
345,258,3.91,2.76,0.043882
47,28,2.72,1.92,0.043688
234,312,6.76,4.78,0.043581
127,44,3.91,2.76,0.043559
26,0,4.69,3.32,0.043520
178,26,2.72,1.92,0.043499
118,31,6.76,4.78,0.043480
23,157,3.26,2.30,0.043403
113,337,2.72,1.92,0.043199
35,237,6.76,4.78,0.043159
142,316,3.91,2.76,0.043124
94,1,29.05,20.54,0.042987
141,124,5.63,3.98,0.042777
139,273,6.76,4.78,0.042759
136,120,9.73,6.88,0.042661
94,58,5.63,3.98,0.042628
152,270,3.91,2.76,0.042300
313,336,3.26,2.30,0.042278
114,90,6.76,4.78,0.042080
209,65,4.69,3.32,0.042042
257,72,5.63,3.98,0.041989
326,356,3.26,2.30,0.041920
228,292,2.72,1.92,0.041890
227,293,3.26,2.30,0.041811
71,128,3.91,2.76,0.041760
46,125,2.72,1.92,0.041678
285,204,24.21,17.12,0.041555
232,316,3.91,2.76,0.041506
280,303,4.69,3.32,0.041468
42,64,2.72,1.92,0.041258
39,158,4.69,3.32,0.041211
223,289,3.91,2.76,0.041153
7,322,6.76,4.78,0.041092
153,145,8.11,5.73,0.041033
236,145,3.91,2.76,0.040953
151,96,29.05,20.54,0.040799
214,276,3.91,2.76,0.040796
218,311,4.69,3.32,0.040778
115,93,9.73,6.88,0.040776
180,60,14.01,9.91,0.040709
336,23,11.68,8.26,0.040594
143,46,4.69,3.32,0.040551
101,134,3.26,2.30,0.040250
87,62,2.72,1.92,0.040177
140,44,2.72,1.92,0.039978
359,117,5.63,3.98,0.039543
35,131,3.26,2.30,0.039464
138,266,2.72,1.92,0.039234
177,53,8.11,5.73,0.039155
338,0,11.68,8.26,0.039141
70,120,9.73,6.88,0.039106
193,53,3.91,2.76,0.039095
288,220,6.76,4.78,0.039070
278,302,3.26,2.30,0.038956
19,152,4.69,3.32,0.038909
17,321,3.91,2.76,0.038817
200,311,2.72,1.92,0.038769
227,205,11.68,8.26,0.038761
141,45,3.26,2.30,0.038605
0,15,3.26,2.30,0.038287
257,0,8.11,5.73,0.038218
51,38,5.63,3.98,0.038177
236,306,2.72,1.92,0.038168
81,60,2.72,1.92,0.037946
9,113,2.72,1.92,0.037893
267,232,2.72,1.92,0.037821
277,34,5.63,3.98,0.037720
343,117,3.26,2.30,0.037506
136,113,14.01,9.91,0.037375
141,55,2.72,1.92,0.037369
338,17,6.76,4.78,0.037363
142,267,2.72,1.92,0.037348
133,24,16.81,11.89,0.037309
59,128,2.72,1.92,0.037075
323,24,6.76,4.78,0.037071
98,133,3.91,2.76,0.036789
228,341,2.72,1.92,0.036787
72,74,29.05,20.54,0.036497
15,108,2.72,1.92,0.036465
21,150,3.91,2.76,0.036248
135,265,3.26,2.30,0.036107
125,129,2.72,1.92,0.036026
39,292,2.72,1.92,0.035961
214,133,6.76,4.78,0.035920
359,204,2.72,1.92,0.035842
23,5,2.72,1.92,0.035779
52,325,3.26,2.30,0.035762
118,162,2.72,1.92,0.035661
327,4,2.72,1.92,0.035659
21,103,4.69,3.32,0.035487
36,293,2.72,1.92,0.035336
242,119,8.11,5.73,0.035260
34,294,2.72,1.92,0.035173
322,5,3.26,2.30,0.035065
47,318,5.63,3.98,0.035027
197,47,3.91,2.76,0.034935
218,260,3.26,2.30,0.034824
185,15,3.26,2.30,0.034818
122,34,2.72,1.92,0.034796
281,145,3.26,2.30,0.034708
146,45,8.11,5.73,0.034476
359,11,6.76,4.78,0.034362
130,91,5.63,3.98,0.034354
8,154,9.73,6.88,0.033879
237,59,3.91,2.76,0.033815
201,352,2.72,1.92,0.033463
345,246,2.72,1.92,0.033396
58,126,3.91,2.76,0.033300
206,326,2.72,1.92,0.033251
324,35,4.69,3.32,0.033246
149,42,11.68,8.26,0.033232
253,36,29.05,20.54,0.033202
306,16,2.72,1.92,0.033165
54,326,2.72,1.92,0.032948
40,65,3.91,2.76,0.032795
359,246,3.91,2.76,0.032666
209,131,9.73,6.88,0.032652
50,28,5.63,3.98,0.032508
3,85,2.72,1.92,0.032379
214,46,5.63,3.98,0.032364
11,318,3.26,2.30,0.032272
0,71,2.72,1.92,0.032107
131,49,2.72,1.92,0.031994
155,127,3.91,2.76,0.031967
199,7,3.91,2.76,0.031665
249,137,5.63,3.98,0.031421
354,13,4.69,3.32,0.031417
253,124,3.91,2.76,0.031391
330,243,3.26,2.30,0.031350
175,125,3.91,2.76,0.031319
210,159,2.72,1.92,0.031012
182,52,3.91,2.76,0.030992
12,359,8.11,5.73,0.030924
261,127,3.26,2.30,0.030792
166,35,3.26,2.30,0.030678
131,259,2.72,1.92,0.030666
156,124,5.63,3.98,0.030402
97,57,3.26,2.30,0.030345
289,278,2.72,1.92,0.030192
203,31,3.26,2.30,0.030023
115,71,2.72,1.92,0.029963
167,33,3.91,2.76,0.029936
359,350,3.91,2.76,0.029807
290,277,3.26,2.30,0.029494
332,117,2.72,1.92,0.029345
288,280,2.72,1.92,0.029290
297,25,3.26,2.30,0.029287
260,122,8.11,5.73,0.028875
349,7,2.72,1.92,0.028744
135,353,2.72,1.92,0.028654
119,322,2.72,1.92,0.028640
322,309,2.72,1.92,0.028615
328,168,2.72,1.92,0.028595
260,14,29.05,20.54,0.028574
109,319,3.26,2.30,0.028481
350,6,3.26,2.30,0.028418
53,352,2.72,1.92,0.028379
17,8,3.26,2.30,0.028250
31,47,2.72,1.92,0.028066
227,124,5.63,3.98,0.028005
70,161,2.72,1.92,0.027848
190,59,3.26,2.30,0.027815
114,126,3.26,2.30,0.027785
209,125,14.01,9.91,0.027676
340,8,2.72,1.92,0.027615
12,55,4.69,3.32,0.027562
345,110,2.72,1.92,0.027544
259,118,11.68,8.26,0.027401
88,73,3.91,2.76,0.027281
148,359,29.05,20.54,0.027241
269,123,2.72,1.92,0.027142
345,250,3.91,2.76,0.027085
357,349,2.72,1.92,0.027076
115,128,4.69,3.32,0.027027
33,290,2.72,1.92,0.026966
324,174,2.72,1.92,0.026782
1,343,20.17,14.27,0.026729
266,0,29.05,20.54,0.026662
102,40,3.26,2.30,0.026390
318,0,2.72,1.92,0.026300
327,169,3.91,2.76,0.026114
120,321,3.91,2.76,0.025991
343,128,3.91,2.76,0.025938
229,121,8.11,5.73,0.025874
58,122,6.76,4.78,0.025859
15,64,3.91,2.76,0.025758
32,48,3.91,2.76,0.025745
207,21,4.69,3.32,0.025615
205,0,3.91,2.76,0.025525
332,172,2.72,1.92,0.025437
94,84,4.69,3.32,0.025197
231,54,3.91,2.76,0.025042
141,61,2.72,1.92,0.025038
192,126,14.01,9.91,0.024996
190,56,8.11,5.73,0.024910
359,0,4.69,3.32,0.024866
155,121,8.11,5.73,0.024806
212,317,2.72,1.92,0.024504
84,52,2.72,1.92,0.024431
239,63,2.72,1.92,0.024417
276,53,2.72,1.92,0.024391
249,53,2.72,1.92,0.024239
69,137,2.72,1.92,0.023855
10,54,2.72,1.92,0.023842
159,126,3.26,2.30,0.023642
14,12,2.72,1.92,0.023491
343,110,3.91,2.76,0.023473
316,173,2.72,1.92,0.023463
22,10,2.72,1.92,0.023459
268,122,3.91,2.76,0.023233
4,163,2.72,1.92,0.022995
220,271,2.72,1.92,0.022847
301,38,3.26,2.30,0.022837
325,173,3.26,2.30,0.022505
213,318,3.26,2.30,0.022462
117,56,2.72,1.92,0.022318
290,38,3.26,2.30,0.022285
105,34,2.72,1.92,0.022214
36,52,3.26,2.30,0.022189
206,117,20.17,14.27,0.022016
175,160,3.91,2.76,0.021228
205,23,2.72,1.92,0.021220
355,252,4.69,3.32,0.021106
127,123,2.72,1.92,0.020877
108,163,4.69,3.32,0.020740
116,137,4.69,3.32,0.020421
349,107,2.72,1.92,0.019884
349,118,2.72,1.92,0.019213
5,58,3.26,2.30,0.019198
108,150,2.72,1.92,0.019147
160,32,3.26,2.30,0.019110
279,124,2.72,1.92,0.018961
224,0,3.91,2.76,0.018867
75,52,4.69,3.32,0.018818
136,242,2.72,1.92,0.018627
350,12,2.72,1.92,0.018227
151,123,2.72,1.92,0.017734
341,109,5.63,3.98,0.017555
194,67,3.26,2.30,0.016907
0,333,3.91,2.76,0.016788
216,314,2.72,1.92,0.016650
121,100,2.72,1.92,0.016648
348,0,2.72,1.92,0.016623
179,114,20.17,14.27,0.016509
347,138,3.91,2.76,0.016454
238,53,2.72,1.92,0.016413
304,122,2.72,1.92,0.016354
280,113,16.81,11.89,0.016351
0,330,5.63,3.98,0.015857
